Package,UUID,Type,SHA1,Size,Dynamic,Reason
cQ4BlRGc.ColliderCommon_iTE4aGso,ixs6f3et4s-lr8y4gyo-4k57hra8hzt-kR8PQu3d-collider,Collider,byjy7b3K2xq0weARQHx3GnkRsho=,66,,
cQ4BlRGc.ColliderCommon_RMq4R3Pn,ixs6f3et4s-lr8y4gyo-4k57hra8hzt-tlFaQBZu-collider,Collider,lk0xlrRV05gBPQ4s6Cvt0IRXFaA=,66,,
cQ4BlRGc.ColliderCommon_RMq4R3Pn,ixs6f3et4s-lr8y4gyo-4k57hra8hzt-fbLU3Vq5-collider,Collider,lk0xlrRV05gBPQ4s6Cvt0IRXFaA=,66,,
cQ4BlRGc.ColliderCommon_RMq4R3Pn,ixs6f3et4s-lr8y4gyo-4k57hra8hzt-OY4AGE3R-collider,Collider,lk0xlrRV05gBPQ4s6Cvt0IRXFaA=,66,,
cQ4BlRGc.ColliderCommon_RMq4R3Pn,ixs6f3et4s-lr8y4gyo-4k57hra8hzt-3vDerS4B-collider,Collider,lk0xlrRV05gBPQ4s6Cvt0IRXFaA=,66,,
cQ4BlRGc.ColliderCommon_JUoProHu,ixs6f3et4s-lr8y4gyo-4k57hra8hzt-mNfftuge-collider,Collider,lk0xlrRV05gBPQ4s6Cvt0IRXFaA=,66,,
cQ4BlRGc.ColliderCommon_lSUiwSVs,ixs6f3et4s-lr8y4gyo-4k57hra8hzt-SFXh0wpm-collider,Collider,lk0xlrRV05gBPQ4s6Cvt0IRXFaA=,66,,
cQ4BlRGc.ColliderCommon_yZfZNqNx,ixs6f3et4s-lr8y4gyo-4k57hra8hzt-EzOd89e0-collider,Collider,lk0xlrRV05gBPQ4s6Cvt0IRXFaA=,66,,
cQ4BlRGc.ColliderCommon_BGkDCXHr,ixs6f3et4s-lr8y4gyo-4k57hra8hzt-ihNXKLAh-collider,Collider,lk0xlrRV05gBPQ4s6Cvt0IRXFaA=,66,,
cQ4BlRGc.ColliderCommon_BGkDCXHr,ixs6f3et4s-lr8y4gyo-4k57hra8hzt-mtV6eUxN-collider,Collider,lk0xlrRV05gBPQ4s6Cvt0IRXFaA=,66,,